{
  "AUC_pyr_n": 13824,
  "AUC_pyr_min": 298331.6574227683,
  "AUC_pyr_max": 8632430.60163795,
  "AUC_pyr_mean": 739418.0072887524,
  "AUC_pyr_median": 603495.2738391908,
  "AUC_pyr_std": 466368.1067931815,
  "AUC_pyr_p1": 385857.1839820006,
  "AUC_pyr_p5": 437819.88261353667,
  "AUC_pyr_p25": 528179.3750758882,
  "AUC_pyr_p50": 603495.2738391908,
  "AUC_pyr_p75": 728941.0714124502,
  "AUC_pyr_p95": 1535355.009191863,
  "AUC_pyr_p99": 2711042.863306134,
  "AUC_lac_n": 13824,
  "AUC_lac_min": 221595.06964668568,
  "AUC_lac_max": 3278510.0696703377,
  "AUC_lac_mean": 743285.1038089842,
  "AUC_lac_median": 585133.6240133897,
  "AUC_lac_std": 444943.54409581365,
  "AUC_lac_p1": 375867.1186273858,
  "AUC_lac_p5": 428044.23593967035,
  "AUC_lac_p25": 513800.7559634301,
  "AUC_lac_p50": 585133.6240133897,
  "AUC_lac_p75": 703211.5551738036,
  "AUC_lac_p95": 1873189.725487237,
  "AUC_lac_p99": 2443862.684622391,
  "AUC_ratio_n": 13824,
  "AUC_ratio_min": 0.19344395313341348,
  "AUC_ratio_max": 4.832174878383557,
  "AUC_ratio_mean": 1.0323143456532227,
  "AUC_ratio_median": 0.988955911154436,
  "AUC_ratio_std": 0.29798628490774975,
  "AUC_ratio_p1": 0.4900233938262314,
  "AUC_ratio_p5": 0.6467692360236453,
  "AUC_ratio_p25": 0.8393722374718184,
  "AUC_ratio_p50": 0.988955911154436,
  "AUC_ratio_p75": 1.1731175693680087,
  "AUC_ratio_p95": 1.5796271102345698,
  "AUC_ratio_p99": 1.986633229623039,
  "NN_kPL_n": 13824,
  "NN_kPL_min": 0.010001000016927719,
  "NN_kPL_max": 0.197008416056633,
  "NN_kPL_mean": 0.10987039655447006,
  "NN_kPL_median": 0.109002023935318,
  "NN_kPL_std": 0.02960802987217903,
  "NN_kPL_p1": 0.024750891141593453,
  "NN_kPL_p5": 0.06432413831353187,
  "NN_kPL_p25": 0.09110158681869507,
  "NN_kPL_p50": 0.10900202766060829,
  "NN_kPL_p75": 0.12844127044081688,
  "NN_kPL_p95": 0.15962679535150526,
  "NN_kPL_p99": 0.18090000703930859,
  "NN_kPL_CAL_n": 13824,
  "NN_kPL_CAL_min": 0.002623662818223238,
  "NN_kPL_CAL_max": 0.05168319493532181,
  "NN_kPL_CAL_mean": 0.028823401778936386,
  "NN_kPL_CAL_median": 0.02859559655189514,
  "NN_kPL_CAL_std": 0.00776737229898572,
  "NN_kPL_CAL_p1": 0.00649314965121448,
  "NN_kPL_CAL_p5": 0.0168747971765697,
  "NN_kPL_CAL_p25": 0.023899593856185675,
  "NN_kPL_CAL_p50": 0.028595595620572567,
  "NN_kPL_CAL_p75": 0.03369528707116842,
  "NN_kPL_CAL_p95": 0.04187650047242641,
  "NN_kPL_CAL_p99": 0.04745731435716153,
  "NN_kVE_n": 13824,
  "NN_kVE_min": 0.18871966004371643,
  "NN_kVE_max": 0.36459359526634216,
  "NN_kVE_mean": 0.2472507208585739,
  "NN_kVE_median": 0.24612966179847717,
  "NN_kVE_std": 0.010197047144174576,
  "NN_kVE_p1": 0.22914373502135277,
  "NN_kVE_p5": 0.2362166240811348,
  "NN_kVE_p25": 0.24316975846886635,
  "NN_kVE_p50": 0.24612966924905777,
  "NN_kVE_p75": 0.24903732910752296,
  "NN_kVE_p95": 0.2616477102041244,
  "NN_kVE_p99": 0.2903873166441918,
  "NN_vB_n": 13824,
  "NN_vB_min": 0.04879097640514374,
  "NN_vB_max": 0.1265946924686432,
  "NN_vB_mean": 0.1067199632525444,
  "NN_vB_median": 0.10746929049491882,
  "NN_vB_std": 0.004557906184345484,
  "NN_vB_p1": 0.085677410364151,
  "NN_vB_p5": 0.1016850471496582,
  "NN_vB_p25": 0.10637551359832287,
  "NN_vB_p50": 0.10746929049491882,
  "NN_vB_p75": 0.10838732868432999,
  "NN_vB_p95": 0.11007706001400948,
  "NN_vB_p99": 0.11226760841906071,
  "kPL_TRAD_n": 13824,
  "kPL_TRAD_min": 0.0034669136098552673,
  "kPL_TRAD_max": 0.07927185751461781,
  "kPL_TRAD_mean": 0.05027849660719639,
  "kPL_TRAD_median": 0.05075120450852062,
  "kPL_TRAD_std": 0.007294261632934113,
  "kPL_TRAD_p1": 0.017036416946029566,
  "kPL_TRAD_p5": 0.03903529159588153,
  "kPL_TRAD_p25": 0.048513714139559405,
  "kPL_TRAD_p50": 0.05075120450852062,
  "kPL_TRAD_p75": 0.05381476727747339,
  "kPL_TRAD_p95": 0.059692597491186696,
  "kPL_TRAD_p99": 0.06497969771614143,
  "kVE_TRAD_n": 13824,
  "kVE_TRAD_min": 0.001115367040943948,
  "kVE_TRAD_max": 0.06083266193200578,
  "kVE_TRAD_mean": 0.022807917364413788,
  "kVE_TRAD_median": 0.02465005224515309,
  "kVE_TRAD_std": 0.008586686019563979,
  "kVE_TRAD_p1": 0.002867565122554702,
  "kVE_TRAD_p5": 0.005352648976757633,
  "kVE_TRAD_p25": 0.017574723357881128,
  "kVE_TRAD_p50": 0.02465005224515309,
  "kVE_TRAD_p75": 0.029258715666032616,
  "kVE_TRAD_p95": 0.03441671281066377,
  "kVE_TRAD_p99": 0.03819691351889545,
  "vB_TRAD_n": 13824,
  "vB_TRAD_min": 0.05178080841989826,
  "vB_TRAD_max": 0.4999999887901416,
  "vB_TRAD_mean": 0.09904527599856282,
  "vB_TRAD_median": 0.0936534307894897,
  "vB_TRAD_std": 0.024417127899667986,
  "vB_TRAD_p1": 0.08098433269943342,
  "vB_TRAD_p5": 0.08925079643167246,
  "vB_TRAD_p25": 0.09085314346221296,
  "vB_TRAD_p50": 0.0936534307894897,
  "vB_TRAD_p75": 0.10010195463583088,
  "vB_TRAD_p95": 0.12002715836354406,
  "vB_TRAD_p99": 0.1696022328106435,
  "kPL_TRAD_CAL_n": 13824,
  "kPL_TRAD_CAL_min": 0.0009095101483483513,
  "kPL_TRAD_CAL_max": 0.020796179830676338,
  "kPL_TRAD_CAL_mean": 0.013190061263122244,
  "kPL_TRAD_CAL_median": 0.013314071458310461,
  "kPL_TRAD_CAL_std": 0.001913576663982276,
  "kPL_TRAD_CAL_p1": 0.0044693337785692835,
  "kPL_TRAD_CAL_p5": 0.010240518756875946,
  "kPL_TRAD_CAL_p25": 0.01272708821430431,
  "kPL_TRAD_CAL_p50": 0.013314071458310461,
  "kPL_TRAD_CAL_p75": 0.014117766543340585,
  "kPL_TRAD_CAL_p95": 0.01565975657575561,
  "kPL_TRAD_CAL_p99": 0.01704677449747761
}