{
  "AUC_pyr_n": 1024,
  "AUC_pyr_min": -26428.361198425293,
  "AUC_pyr_max": 1979212.51171875,
  "AUC_pyr_mean": 42752.591535790314,
  "AUC_pyr_median": 5944.344196557999,
  "AUC_pyr_std": 127009.28734834373,
  "AUC_pyr_p1": -1286.3753640556333,
  "AUC_pyr_p5": 2235.805294895172,
  "AUC_pyr_p25": 4159.007464170456,
  "AUC_pyr_p50": 5944.344196557999,
  "AUC_pyr_p75": 20268.019890785217,
  "AUC_pyr_p95": 252595.29658298448,
  "AUC_pyr_p99": 481164.70620262134,
  "AUC_lac_n": 1024,
  "AUC_lac_min": 1300.8260173797607,
  "AUC_lac_max": 39129.13883972168,
  "AUC_lac_mean": 6674.146347282396,
  "AUC_lac_median": 4714.4080448150635,
  "AUC_lac_std": 5970.508813718374,
  "AUC_lac_p1": 2137.065983390808,
  "AUC_lac_p5": 2850.5473293304444,
  "AUC_lac_p25": 3896.9109473228455,
  "AUC_lac_p50": 4714.4080448150635,
  "AUC_lac_p75": 5997.419738769531,
  "AUC_lac_p95": 19837.968206787096,
  "AUC_lac_p99": 33289.16477359772,
  "AUC_ratio_n": 1024,
  "AUC_ratio_min": 0.014806831374961379,
  "AUC_ratio_max": 1.6048775632858276e+16,
  "AUC_ratio_mean": 79991771889560.33,
  "AUC_ratio_median": 0.6940312343061901,
  "AUC_ratio_std": 775323120370485.4,
  "AUC_ratio_p1": 0.061139750855866516,
  "AUC_ratio_p5": 0.07597850391338072,
  "AUC_ratio_p25": 0.24786120386244753,
  "AUC_ratio_p50": 0.6940312343061901,
  "AUC_ratio_p75": 1.0426624812873249,
  "AUC_ratio_p95": 2.146169538125099,
  "AUC_ratio_p99": 3851283140392299.5,
  "NN_kPL_n": 1024,
  "NN_kPL_min": 0.00234761624597013,
  "NN_kPL_max": 0.06918493658304214,
  "NN_kPL_mean": 0.035818807780742645,
  "NN_kPL_median": 0.03674463927745819,
  "NN_kPL_std": 0.01525878719985485,
  "NN_kPL_p1": 0.00653977420181036,
  "NN_kPL_p5": 0.010587210953235627,
  "NN_kPL_p25": 0.02313879504799843,
  "NN_kPL_p50": 0.03674463927745819,
  "NN_kPL_p75": 0.048049720004200935,
  "NN_kPL_p95": 0.058861940354108806,
  "NN_kPL_p99": 0.06428317405283451,
  "NN_kPL_CAL_n": 1024,
  "NN_kPL_CAL_min": 0.003461733227595687,
  "NN_kPL_CAL_max": 0.10201828926801682,
  "NN_kPL_CAL_mean": 0.05281747132539749,
  "NN_kPL_CAL_median": 0.05418267846107483,
  "NN_kPL_CAL_std": 0.022500207647681236,
  "NN_kPL_CAL_p1": 0.009643379636108874,
  "NN_kPL_CAL_p5": 0.01561162299476564,
  "NN_kPL_CAL_p25": 0.03411985840648413,
  "NN_kPL_CAL_p50": 0.05418268032371998,
  "NN_kPL_CAL_p75": 0.07085285522043705,
  "NN_kPL_CAL_p95": 0.08679626919329166,
  "NN_kPL_CAL_p99": 0.09479027844965458,
  "NN_kVE_n": 1024,
  "NN_kVE_min": 0.15063337981700897,
  "NN_kVE_max": 0.4486069977283478,
  "NN_kVE_mean": 0.27900856733322144,
  "NN_kVE_median": 0.2624199390411377,
  "NN_kVE_std": 0.04497642070055008,
  "NN_kVE_p1": 0.18520082250237466,
  "NN_kVE_p5": 0.2235681600868702,
  "NN_kVE_p25": 0.2502423822879791,
  "NN_kVE_p50": 0.2624199390411377,
  "NN_kVE_p75": 0.30936309695243835,
  "NN_kVE_p95": 0.3665743723511696,
  "NN_kVE_p99": 0.39440974831581116,
  "NN_vB_n": 1024,
  "NN_vB_min": 0.030021609738469124,
  "NN_vB_max": 0.13642340898513794,
  "NN_vB_mean": 0.09095404297113419,
  "NN_vB_median": 0.09715446829795837,
  "NN_vB_std": 0.019347719848155975,
  "NN_vB_p1": 0.04588601291179657,
  "NN_vB_p5": 0.05392866991460323,
  "NN_vB_p25": 0.07541546411812305,
  "NN_vB_p50": 0.09715447202324867,
  "NN_vB_p75": 0.10582897812128067,
  "NN_vB_p95": 0.11380513310432433,
  "NN_vB_p99": 0.12785511314868928,
  "kPL_TRAD_n": 1024,
  "kPL_TRAD_min": 0.00010000000024510929,
  "kPL_TRAD_max": 0.07136309894562885,
  "kPL_TRAD_mean": 0.047387506860639805,
  "kPL_TRAD_median": 0.052298061861115824,
  "kPL_TRAD_std": 0.01459359360477958,
  "kPL_TRAD_p1": 0.00010000705074624196,
  "kPL_TRAD_p5": 0.0068386886567888714,
  "kPL_TRAD_p25": 0.047177792934591165,
  "kPL_TRAD_p50": 0.052298061861115824,
  "kPL_TRAD_p75": 0.0559536553274172,
  "kPL_TRAD_p95": 0.05902500743131349,
  "kPL_TRAD_p99": 0.06396322360998669,
  "kVE_TRAD_n": 1024,
  "kVE_TRAD_min": 0.0010000000001887245,
  "kVE_TRAD_max": 0.11885656059739604,
  "kVE_TRAD_mean": 0.05478434248438166,
  "kVE_TRAD_median": 0.0644480434873974,
  "kVE_TRAD_std": 0.030892868565858128,
  "kVE_TRAD_p1": 0.0010000031456318201,
  "kVE_TRAD_p5": 0.0028610062217979265,
  "kVE_TRAD_p25": 0.022824144916850597,
  "kVE_TRAD_p50": 0.0644480434873974,
  "kVE_TRAD_p75": 0.08228683867629222,
  "kVE_TRAD_p95": 0.09062270636189508,
  "kVE_TRAD_p99": 0.09360650728251682,
  "vB_TRAD_n": 1024,
  "vB_TRAD_min": 0.020839975451298808,
  "vB_TRAD_max": 0.4999999999999998,
  "vB_TRAD_mean": 0.11676168788687438,
  "vB_TRAD_median": 0.09,
  "vB_TRAD_std": 0.09230065048759024,
  "vB_TRAD_p1": 0.04194195919090093,
  "vB_TRAD_p5": 0.07502937077393479,
  "vB_TRAD_p25": 0.08712106085934863,
  "vB_TRAD_p50": 0.09,
  "vB_TRAD_p75": 0.09892768555886133,
  "vB_TRAD_p95": 0.41071676604846247,
  "vB_TRAD_p99": 0.49999996762665905,
  "kPL_TRAD_CAL_n": 1024,
  "kPL_TRAD_CAL_min": 0.00014745737350367415,
  "kPL_TRAD_CAL_max": 0.10523015109812361,
  "kPL_TRAD_CAL_mean": 0.06987637281429937,
  "kPL_TRAD_CAL_median": 0.07711734822470634,
  "kPL_TRAD_CAL_std": 0.021519329776662256,
  "kPL_TRAD_CAL_p1": 0.00014746776998743774,
  "kPL_TRAD_CAL_p5": 0.010084150650677371,
  "kPL_TRAD_CAL_p25": 0.06956713416783458,
  "kPL_TRAD_CAL_p50": 0.07711734822470634,
  "kPL_TRAD_CAL_p75": 0.08250779032287381,
  "kPL_TRAD_CAL_p95": 0.08703672545522825,
  "kPL_TRAD_CAL_p99": 0.09431848931238498
}