{
  "AUC_pyr_n": 4096,
  "AUC_pyr_min": 0.0,
  "AUC_pyr_max": 2357452.096324317,
  "AUC_pyr_mean": 48632.267906553956,
  "AUC_pyr_median": 0.0,
  "AUC_pyr_std": 190262.1996353214,
  "AUC_pyr_p1": 0.0,
  "AUC_pyr_p5": 0.0,
  "AUC_pyr_p25": 0.0,
  "AUC_pyr_p50": 0.0,
  "AUC_pyr_p75": 0.0,
  "AUC_pyr_p95": 297940.4129195697,
  "AUC_pyr_p99": 1027549.4204839288,
  "AUC_lac_n": 4096,
  "AUC_lac_min": 0.0,
  "AUC_lac_max": 613974.8923809798,
  "AUC_lac_mean": 22734.314939250984,
  "AUC_lac_median": 0.0,
  "AUC_lac_std": 77313.97974640544,
  "AUC_lac_p1": 0.0,
  "AUC_lac_p5": 0.0,
  "AUC_lac_p25": 0.0,
  "AUC_lac_p50": 0.0,
  "AUC_lac_p75": 0.0,
  "AUC_lac_p95": 179170.6519189323,
  "AUC_lac_p99": 424703.08358756226,
  "AUC_ratio_n": 4096,
  "AUC_ratio_min": 0.0,
  "AUC_ratio_max": 4.249389057566879,
  "AUC_ratio_mean": 0.07500135203031015,
  "AUC_ratio_median": 0.0,
  "AUC_ratio_std": 0.26462160225499776,
  "AUC_ratio_p1": 0.0,
  "AUC_ratio_p5": 0.0,
  "AUC_ratio_p25": 0.0,
  "AUC_ratio_p50": 0.0,
  "AUC_ratio_p75": 0.0,
  "AUC_ratio_p95": 0.550011795106223,
  "AUC_ratio_p99": 1.2961863802406373,
  "NN_kPL_n": 4096,
  "NN_kPL_min": 0.004825534299015999,
  "NN_kPL_max": 0.1921360343694687,
  "NN_kPL_mean": 0.050068214535713196,
  "NN_kPL_median": 0.046662312000989914,
  "NN_kPL_std": 0.017793606966733932,
  "NN_kPL_p1": 0.028046690113842487,
  "NN_kPL_p5": 0.046662312000989914,
  "NN_kPL_p25": 0.046662312000989914,
  "NN_kPL_p50": 0.046662312000989914,
  "NN_kPL_p75": 0.046662312000989914,
  "NN_kPL_p95": 0.07049989700317383,
  "NN_kPL_p99": 0.15114094465971017,
  "NN_kVE_n": 4096,
  "NN_kVE_min": 0.11147208511829376,
  "NN_kVE_max": 0.3183593451976776,
  "NN_kVE_mean": 0.24361830949783325,
  "NN_kVE_median": 0.24503399431705475,
  "NN_kVE_std": 0.010961788706481457,
  "NN_kVE_p1": 0.19102914705872537,
  "NN_kVE_p5": 0.23604554310441017,
  "NN_kVE_p25": 0.24503399431705475,
  "NN_kVE_p50": 0.24503399431705475,
  "NN_kVE_p75": 0.24503399431705475,
  "NN_kVE_p95": 0.24503399431705475,
  "NN_kVE_p99": 0.2709608778357507,
  "NN_vB_n": 4096,
  "NN_vB_min": 0.06856516003608704,
  "NN_vB_max": 0.14647431671619415,
  "NN_vB_mean": 0.1052912026643753,
  "NN_vB_median": 0.10505037754774094,
  "NN_vB_std": 0.0028149911668151617,
  "NN_vB_p1": 0.09804060608148575,
  "NN_vB_p5": 0.10505037754774094,
  "NN_vB_p25": 0.10505037754774094,
  "NN_vB_p50": 0.10505037754774094,
  "NN_vB_p75": 0.10505037754774094,
  "NN_vB_p95": 0.1078230869024992,
  "NN_vB_p99": 0.11596929840743547,
  "kPL_TRAD_n": 0,
  "kVE_TRAD_n": 0,
  "vB_TRAD_n": 0
}